<?xml version="1.0" encoding="utf-8"?>
<!--/1097141/1328299/2.50/8/2/Integrated Circuit/-->
<quadcept_library>
  <setting unit="mil" />
  <textstyle name="Default" height="47.244094488189" strokewidth="7.8740157480315" charwidth="47.244094488189" />
  <textstyle name="Dimension" height="19.6850393700787" strokewidth="0" charwidth="19.6850393700787" />
  <textstyle name="H127W0635TH00762" height="50" strokewidth="3" charwidth="25" />
  <textstyle name="H15W15TH02" height="59.0551181102362" strokewidth="7.8740157480315" charwidth="59.0551181102362" />
  <padstyle name="c115.8_h75.8" surface="False" plated="True" isvia="False" nopaste="True" nomask="True" complex="False" holesize="29.842519685039">
    <padshape layer="TOP" shape="round" width="45.590551181102" height="45.590551181102" />
    <padshape layer="TOP_SOLDER_MASK" shape="round" width="53.464566929133" height="53.464566929133" />
    <padshape layer="INNER" shape="round" width="45.590551181102" height="45.590551181102" />
    <padshape layer="BOTTOM" shape="round" width="45.590551181102" height="45.590551181102" />
    <padshape layer="BOTTOM_SOLDER_MASK" shape="round" width="53.464566929133" height="53.464566929133" />
  </padstyle>
  <padstyle name="s115.8_h75.8" surface="False" plated="True" isvia="False" nopaste="True" nomask="True" complex="False" holesize="29.842519685039">
    <padshape layer="TOP" shape="square" width="45.590551181102" height="45.590551181102" />
    <padshape layer="TOP_SOLDER_MASK" shape="square" width="53.464566929133" height="53.464566929133" />
    <padshape layer="INNER" shape="round" width="45.590551181102" height="45.590551181102" />
    <padshape layer="BOTTOM" shape="square" width="45.590551181102" height="45.590551181102" />
    <padshape layer="BOTTOM_SOLDER_MASK" shape="square" width="53.464566929133" height="53.464566929133" />
  </padstyle>
  <footprint name="DIP762W56P254L988H533Q8N" originx="0" originy="0" pickpointx="0" pickpointy="0">
    <pcbpin number="1" name="1" style="s115.8_h75.8" originx="-150" originy="150" rotation="90" />
    <pcbpin number="2" name="2" style="c115.8_h75.8" originx="-150" originy="49.999999999999" rotation="90" />
    <pcbpin number="3" name="3" style="c115.8_h75.8" originx="-150" originy="-49.999999999999" rotation="90" />
    <pcbpin number="4" name="4" style="c115.8_h75.8" originx="-150" originy="-150" rotation="90" />
    <pcbpin number="5" name="5" style="c115.8_h75.8" originx="150" originy="-150" rotation="90" />
    <pcbpin number="6" name="6" style="c115.8_h75.8" originx="150" originy="-49.999999999999" rotation="90" />
    <pcbpin number="7" name="7" style="c115.8_h75.8" originx="150" originy="49.999999999999" rotation="90" />
    <pcbpin number="8" name="8" style="c115.8_h75.8" originx="150" originy="150" rotation="90" />
    <line layer="TOP_PLACE_BOUND" originx="-182.63779527559" originy="224.8031496063" endx="182.63779527559" endy="224.8031496063" width="1.9685039370079" />
    <line layer="TOP_PLACE_BOUND" originx="182.63779527559" originy="224.8031496063" endx="182.63779527559" endy="-224.8031496063" width="1.9685039370079" />
    <line layer="TOP_PLACE_BOUND" originx="182.63779527559" originy="-224.8031496063" endx="-182.63779527559" endy="-224.8031496063" width="1.9685039370079" />
    <line layer="TOP_PLACE_BOUND" originx="-182.63779527559" originy="-224.8031496063" endx="-182.63779527559" endy="224.8031496063" width="1.9685039370079" />
    <line layer="TOP_ASSEMBLY" originx="-139.96062992126" originy="214.96062992126" endx="139.96062992126" endy="214.96062992126" width="3.9370078740157" />
    <line layer="TOP_ASSEMBLY" originx="139.96062992126" originy="214.96062992126" endx="139.96062992126" endy="-214.96062992126" width="3.9370078740157" />
    <line layer="TOP_ASSEMBLY" originx="139.96062992126" originy="-214.96062992126" endx="-139.96062992126" endy="-214.96062992126" width="3.9370078740157" />
    <line layer="TOP_ASSEMBLY" originx="-139.96062992126" originy="-214.96062992126" endx="-139.96062992126" endy="214.96062992126" width="3.9370078740157" />
    <line layer="TOP_ASSEMBLY" originx="-139.96062992126" originy="164.96062992126" endx="-89.960629921259" endy="214.96062992126" width="3.9370078740157" />
    <line layer="TOP_SILKSCREEN" originx="-172.79527559055" originy="214.96062992126" endx="139.96062992126" endy="214.96062992126" width="7.8740157480314" />
    <line layer="TOP_SILKSCREEN" originx="-139.96062992126" originy="-214.96062992126" endx="139.96062992126" endy="-214.96062992126" width="7.8740157480314" />
  </footprint>
  <symbol name="IRS2004PBF" originx="0" originy="0">
    <line originx="200" originy="100" endx="800" endy="100" width="0" />
    <line originx="800" originy="-400" endx="800" endy="100" width="0" />
    <line originx="800" originy="-400" endx="200" endy="-400" width="0" />
    <line originx="200" originy="100" endx="200" endy="-400" width="0" />
    <sympin number="1" originx="200" originy="0" rotation="180" length="100" width="7.8740157480315" flipped="False">
      <text name="pinname" originx="230" originy="0" style="Default" rotation="0" justify="left" flipped="False" hidden="False" data="VCC" />
      <text name="pindes" originx="140" originy="20" style="Default" rotation="0" justify="lowerright" flipped="False" hidden="False" data="1" />
    </sympin>
    <sympin number="2" originx="200" originy="-100" rotation="180" length="100" width="7.8740157480315" flipped="False">
      <text name="pinname" originx="230" originy="-100" style="Default" rotation="0" justify="left" flipped="False" hidden="False" data="IN" />
      <text name="pindes" originx="140" originy="-80" style="Default" rotation="0" justify="lowerright" flipped="False" hidden="False" data="2" />
    </sympin>
    <sympin number="3" originx="200" originy="-200" rotation="180" length="100" width="7.8740157480315" flipped="False">
      <text name="pinname" originx="230" originy="-200" style="Default" rotation="0" justify="left" flipped="False" hidden="False" data="\SD" />
      <text name="pindes" originx="140" originy="-180" style="Default" rotation="0" justify="lowerright" flipped="False" hidden="False" data="3" />
    </sympin>
    <sympin number="4" originx="200" originy="-300" rotation="180" length="100" width="7.8740157480315" flipped="False">
      <text name="pinname" originx="230" originy="-300" style="Default" rotation="0" justify="left" flipped="False" hidden="False" data="COM" />
      <text name="pindes" originx="140" originy="-280" style="Default" rotation="0" justify="lowerright" flipped="False" hidden="False" data="4" />
    </sympin>
    <sympin number="8" originx="800" originy="0" rotation="0" length="100" width="7.8740157480315" flipped="False">
      <text name="pinname" originx="770" originy="0" style="Default" rotation="0" justify="right" flipped="False" hidden="False" data="VB" />
      <text name="pindes" originx="860" originy="20" style="Default" rotation="0" justify="lowerleft" flipped="False" hidden="False" data="8" />
    </sympin>
    <sympin number="7" originx="800" originy="-100" rotation="0" length="100" width="7.8740157480315" flipped="False">
      <text name="pinname" originx="770" originy="-100" style="Default" rotation="0" justify="right" flipped="False" hidden="False" data="HO" />
      <text name="pindes" originx="860" originy="-80" style="Default" rotation="0" justify="lowerleft" flipped="False" hidden="False" data="7" />
    </sympin>
    <sympin number="6" originx="800" originy="-200" rotation="0" length="100" width="7.8740157480315" flipped="False">
      <text name="pinname" originx="770" originy="-200" style="Default" rotation="0" justify="right" flipped="False" hidden="False" data="VS" />
      <text name="pindes" originx="860" originy="-180" style="Default" rotation="0" justify="lowerleft" flipped="False" hidden="False" data="6" />
    </sympin>
    <sympin number="5" originx="800" originy="-300" rotation="0" length="100" width="7.8740157480315" flipped="False">
      <text name="pinname" originx="770" originy="-300" style="Default" rotation="0" justify="right" flipped="False" hidden="False" data="LO" />
      <text name="pindes" originx="860" originy="-280" style="Default" rotation="0" justify="lowerleft" flipped="False" hidden="False" data="5" />
    </sympin>
  </symbol>
  <component name="IRS2004PBF" designatorprefix="IC" height="209.84251968504" footprint="DIP762W56P254L988H533Q8N">
    <comppin designator="1" sympin="1" pinswap="0" gateswap="0" gate="1" group="1" side="" type="Any" name="VCC" />
    <comppin designator="2" sympin="2" pinswap="0" gateswap="0" gate="1" group="1" side="" type="Any" name="IN" />
    <comppin designator="3" sympin="3" pinswap="0" gateswap="0" gate="1" group="1" side="" type="Any" name="|SD" />
    <comppin designator="4" sympin="4" pinswap="0" gateswap="0" gate="1" group="1" side="" type="Any" name="COM" />
    <comppin designator="5" sympin="5" pinswap="0" gateswap="0" gate="1" group="1" side="" type="Any" name="LO" />
    <comppin designator="6" sympin="6" pinswap="0" gateswap="0" gate="1" group="1" side="" type="Any" name="VS" />
    <comppin designator="7" sympin="7" pinswap="0" gateswap="0" gate="1" group="1" side="" type="Any" name="HO" />
    <comppin designator="8" sympin="8" pinswap="0" gateswap="0" gate="1" group="1" side="" type="Any" name="VB" />
    <attached_symbol gate="1" name="IRS2004PBF" />
    <pinmap designator="1" footprintpin="1" />
    <pinmap designator="2" footprintpin="2" />
    <pinmap designator="3" footprintpin="3" />
    <pinmap designator="4" footprintpin="4" />
    <pinmap designator="5" footprintpin="5" />
    <pinmap designator="6" footprintpin="6" />
    <pinmap designator="7" footprintpin="7" />
    <pinmap designator="8" footprintpin="8" />
    <text name="Datasheet" originx="0" originy="0" style="Default" rotation="0" justify="" flipped="False" hidden="True" data="https://www.infineon.com/cms/en/product/power/gate-driver-ics/?" />
    <text name="Description" originx="0" originy="0" style="Default" rotation="0" justify="" flipped="False" hidden="True" data="Infineon IRS2004PBF Dual MOSFET Power Driver, 0.6A Half Bridge, 10  20 V 8-Pin, PDIP" />
    <text name="Farnell Part Number" originx="0" originy="0" style="Default" rotation="0" justify="" flipped="False" hidden="True" data="" />
    <text name="Farnell Price/Stock" originx="0" originy="0" style="Default" rotation="0" justify="" flipped="False" hidden="True" data="" />
    <text name="Manufacturer_Name" originx="0" originy="0" style="Default" rotation="0" justify="" flipped="False" hidden="True" data="Infineon" />
    <text name="Manufacturer_Part_Number" originx="850" originy="200" style="Default" rotation="0" justify="left" flipped="False" hidden="False" data="IRS2004PBF" />
  </component>
</quadcept_library>
