<?xml version="1.0" encoding="utf-8"?>
<!--/12817729/1328299/2.50/2/4/Inductor/-->
<quadcept_library>
  <setting unit="mil" />
  <textstyle name="Default" height="47.244094488189" strokewidth="7.8740157480315" charwidth="47.244094488189" />
  <textstyle name="Dimension" height="19.6850393700787" strokewidth="0" charwidth="19.6850393700787" />
  <textstyle name="H127W0635TH00762" height="50" strokewidth="3" charwidth="25" />
  <textstyle name="H15W15TH02" height="59.0551181102362" strokewidth="7.8740157480315" charwidth="59.0551181102362" />
  <padstyle name="r550_300" surface="True" plated="False" isvia="False" nopaste="False" nomask="True" complex="False" holesize="0">
    <padshape layer="TOP" shape="rectangle" width="118.11023622047" height="216.53543307086" />
    <padshape layer="TOP_SOLDER_MASK" shape="rectangle" width="125.9842519685" height="224.40944881889" />
    <padshape layer="TOP_SOLDER_PASTE" shape="rectangle" width="118.11023622047" height="216.53543307086" />
  </padstyle>
  <footprint name="MSS1210333MEB" originx="0" originy="0" pickpointx="0" pickpointy="0">
    <pcbpin number="1" name="1" style="r550_300" originx="0" originy="187.00787401575" rotation="90" />
    <pcbpin number="2" name="2" style="r550_300" originx="0" originy="-187.00787401575" rotation="90" />
    <line layer="TOP_ASSEMBLY" originx="-236.22047244094" originy="236.22047244094" endx="236.22047244094" endy="236.22047244094" width="7.8740157480314" />
    <line layer="TOP_ASSEMBLY" originx="236.22047244094" originy="236.22047244094" endx="236.22047244094" endy="-236.22047244094" width="7.8740157480314" />
    <line layer="TOP_ASSEMBLY" originx="236.22047244094" originy="-236.22047244094" endx="-236.22047244094" endy="-236.22047244094" width="7.8740157480314" />
    <line layer="TOP_ASSEMBLY" originx="-236.22047244094" originy="-236.22047244094" endx="-236.22047244094" endy="236.22047244094" width="7.8740157480314" />
    <line layer="TOP_PLACE_BOUND" originx="-275.5905511811" originy="285.43307086614" endx="275.5905511811" endy="285.43307086614" width="3.9370078740157" />
    <line layer="TOP_PLACE_BOUND" originx="275.5905511811" originy="285.43307086614" endx="275.5905511811" endy="-285.43307086614" width="3.9370078740157" />
    <line layer="TOP_PLACE_BOUND" originx="275.5905511811" originy="-285.43307086614" endx="-275.5905511811" endy="-285.43307086614" width="3.9370078740157" />
    <line layer="TOP_PLACE_BOUND" originx="-275.5905511811" originy="-285.43307086614" endx="-275.5905511811" endy="285.43307086614" width="3.9370078740157" />
    <line layer="TOP_PLACE_BOUND" originx="-275.5905511811" originy="285.43307086614" endx="275.5905511811" endy="285.43307086614" width="3.9370078740157" />
    <line layer="TOP_PLACE_BOUND" originx="275.5905511811" originy="285.43307086614" endx="275.5905511811" endy="-285.43307086614" width="3.9370078740157" />
    <line layer="TOP_PLACE_BOUND" originx="275.5905511811" originy="-285.43307086614" endx="-275.5905511811" endy="-285.43307086614" width="3.9370078740157" />
    <line layer="TOP_PLACE_BOUND" originx="-275.5905511811" originy="-285.43307086614" endx="-275.5905511811" endy="285.43307086614" width="3.9370078740157" />
    <line layer="TOP_SILKSCREEN" originx="137.79527559055" originy="236.22047244094" endx="236.22047244094" endy="236.22047244094" width="3.9370078740157" />
    <line layer="TOP_SILKSCREEN" originx="236.22047244094" originy="236.22047244094" endx="236.22047244094" endy="-236.22047244094" width="3.9370078740157" />
    <line layer="TOP_SILKSCREEN" originx="236.22047244094" originy="-236.22047244094" endx="137.79527559055" endy="-236.22047244094" width="3.9370078740157" />
    <line layer="TOP_SILKSCREEN" originx="-137.79527559055" originy="236.22047244094" endx="-236.22047244094" endy="236.22047244094" width="3.9370078740157" />
    <line layer="TOP_SILKSCREEN" originx="-236.22047244094" originy="236.22047244094" endx="-236.22047244094" endy="-236.22047244094" width="3.9370078740157" />
    <line layer="TOP_SILKSCREEN" originx="-236.22047244094" originy="-236.22047244094" endx="-137.79527559055" endy="-236.22047244094" width="3.9370078740157" />
  </footprint>
  <symbol name="MSS1210-333MEB" originx="0" originy="0">
    <arc originx="250" originy="-2" startangle="177.7" sweepangle="-175.4" radius="50" width="0" />
    <arc originx="350" originy="-2" startangle="177.7" sweepangle="-175.4" radius="50" width="0" />
    <arc originx="450" originy="-2" startangle="177.7" sweepangle="-175.4" radius="50" width="0" />
    <arc originx="550" originy="-2" startangle="177.7" sweepangle="-175.4" radius="50" width="0" />
    <sympin number="1" originx="200" originy="0" rotation="180" length="100" width="7.8740157480315" flipped="False">
      <text name="pinname" originx="0" originy="-10" style="Default" rotation="0" justify="upperleft" flipped="False" hidden="True" data="1" />
      <text name="pindes" originx="0" originy="10" style="Default" rotation="0" justify="lowerleft" flipped="False" hidden="False" data="1" />
    </sympin>
    <sympin number="2" originx="600" originy="0" rotation="0" length="100" width="7.8740157480315" flipped="False">
      <text name="pinname" originx="800" originy="-10" style="Default" rotation="0" justify="upperright" flipped="False" hidden="True" data="2" />
      <text name="pindes" originx="800" originy="10" style="Default" rotation="0" justify="lowerright" flipped="False" hidden="False" data="2" />
    </sympin>
  </symbol>
  <component name="MSS1210-333MEB" designatorprefix="L" height="401.5748031496" footprint="MSS1210333MEB">
    <comppin designator="1" sympin="1" pinswap="0" gateswap="0" gate="1" group="1" side="" type="Any" name="1" />
    <comppin designator="2" sympin="2" pinswap="0" gateswap="0" gate="1" group="1" side="" type="Any" name="2" />
    <attached_symbol gate="1" name="MSS1210-333MEB" />
    <pinmap designator="1" footprintpin="1" />
    <pinmap designator="2" footprintpin="2" />
    <text name="Datasheet" originx="0" originy="0" style="Default" rotation="0" justify="" flipped="False" hidden="True" data="https://www.coilcraft.com/getmedia/f1a1bc5f-bdff-42f8-9ca8-1a0fb1d5094f/MSS1210.pdf" />
    <text name="Description" originx="0" originy="0" style="Default" rotation="0" justify="" flipped="False" hidden="True" data="Fixed Inductors 33uH Shld 20% 5.9A 39mOhms AECQ2" />
    <text name="Farnell Part Number" originx="0" originy="0" style="Default" rotation="0" justify="" flipped="False" hidden="True" data="" />
    <text name="Farnell Price/Stock" originx="0" originy="0" style="Default" rotation="0" justify="" flipped="False" hidden="True" data="" />
    <text name="Manufacturer_Name" originx="0" originy="0" style="Default" rotation="0" justify="" flipped="False" hidden="True" data="COILCRAFT" />
    <text name="Manufacturer_Part_Number" originx="650" originy="150" style="Default" rotation="0" justify="left" flipped="False" hidden="False" data="MSS1210-333MEB" />
  </component>
</quadcept_library>
