<?xml version="1.0" encoding="utf-8"?>
<!--/1341736/1328299/2.50/2/4/Crystal or Oscillator/-->
<quadcept_library>
  <setting unit="mil" />
  <textstyle name="Default" height="47.244094488189" strokewidth="7.8740157480315" charwidth="47.244094488189" />
  <textstyle name="Dimension" height="19.6850393700787" strokewidth="0" charwidth="19.6850393700787" />
  <textstyle name="H127W0635TH00762" height="50" strokewidth="3" charwidth="25" />
  <textstyle name="H15W15TH02" height="59.0551181102362" strokewidth="7.8740157480315" charwidth="59.0551181102362" />
  <padstyle name="r110_60" surface="True" plated="False" isvia="False" nopaste="False" nomask="True" complex="False" holesize="0">
    <padshape layer="TOP" shape="rectangle" width="23.622047244094" height="43.307086614173" />
    <padshape layer="TOP_SOLDER_MASK" shape="rectangle" width="31.496062992126" height="51.181102362204" />
    <padshape layer="TOP_SOLDER_PASTE" shape="rectangle" width="23.622047244094" height="43.307086614173" />
  </padstyle>
  <footprint name="LFXTAL062558Reel" originx="0" originy="0" pickpointx="0" pickpointy="0">
    <pcbpin number="1" name="1" style="r110_60" originx="-27.55905511811" originy="0" rotation="0" />
    <pcbpin number="2" name="2" style="r110_60" originx="27.55905511811" originy="0" rotation="0" />
    <line layer="TOP_ASSEMBLY" originx="-39.370078740157" originy="23.622047244094" endx="39.370078740157" endy="23.622047244094" width="3.9370078740157" />
    <line layer="TOP_ASSEMBLY" originx="39.370078740157" originy="23.622047244094" endx="39.370078740157" endy="-23.622047244094" width="3.9370078740157" />
    <line layer="TOP_ASSEMBLY" originx="39.370078740157" originy="-23.622047244094" endx="-39.370078740157" endy="-23.622047244094" width="3.9370078740157" />
    <line layer="TOP_ASSEMBLY" originx="-39.370078740157" originy="-23.622047244094" endx="-39.370078740157" endy="23.622047244094" width="3.9370078740157" />
    <line layer="TOP_PLACE_BOUND" originx="-78.740157480314" originy="62.992125984251" endx="78.740157480314" endy="62.992125984251" width="3.9370078740157" />
    <line layer="TOP_PLACE_BOUND" originx="78.740157480314" originy="62.992125984251" endx="78.740157480314" endy="-62.992125984251" width="3.9370078740157" />
    <line layer="TOP_PLACE_BOUND" originx="78.740157480314" originy="-62.992125984251" endx="-78.740157480314" endy="-62.992125984251" width="3.9370078740157" />
    <line layer="TOP_PLACE_BOUND" originx="-78.740157480314" originy="-62.992125984251" endx="-78.740157480314" endy="62.992125984251" width="3.9370078740157" />
    <line layer="TOP_SILKSCREEN" originx="-62.992125984251" originy="0" endx="-62.992125984251" endy="0" width="3.9370078740157" />
    <arc layer="TOP_SILKSCREEN" originx="-61.023622047243" originy="0" startangle="180.0" sweepangle="180.0" radius="1.9685039370079" width="3.9370078740157" />
    <line layer="TOP_SILKSCREEN" originx="-59.055118110235" originy="0" endx="-59.055118110235" endy="0" width="3.9370078740157" />
    <arc layer="TOP_SILKSCREEN" originx="-61.023622047243" originy="0" startangle=".0" sweepangle="180.0" radius="1.9685039370079" width="3.9370078740157" />
  </footprint>
  <symbol name="LFXTAL062558REEL" originx="0" originy="0">
    <line originx="120" originy="100" endx="120" endy="-100" width="0" />
    <line originx="280" originy="100" endx="280" endy="-100" width="0" />
    <line originx="160" originy="140" endx="160" endy="-140" width="0" />
    <line originx="240" originy="-140" endx="160" endy="-140" width="0" />
    <line originx="240" originy="-140" endx="240" endy="140" width="0" />
    <line originx="160" originy="140" endx="240" endy="140" width="0" />
    <line originx="280" originy="0" endx="300" endy="0" width="0" />
    <line originx="120" originy="0" endx="100" endy="0" width="0" />
    <sympin number="2" originx="100" originy="0" rotation="180" length="100" width="7.8740157480315" flipped="False">
      <text name="pinname" originx="140" originy="10" style="Default" rotation="0" justify="left" flipped="False" hidden="True" data="CRYSTAL_2" />
      <text name="pindes" originx="60" originy="10" style="Default" rotation="0" justify="lowerright" flipped="False" hidden="False" data="2" />
    </sympin>
    <sympin number="2" originx="300" originy="0" rotation="0" length="100" width="7.8740157480315" flipped="False">
      <text name="pinname" originx="260" originy="10" style="Default" rotation="0" justify="right" flipped="False" hidden="True" data="" />
      <text name="pindes" originx="340" originy="10" style="Default" rotation="0" justify="lowerleft" flipped="False" hidden="False" data="" />
    </sympin>
  </symbol>
  <component name="LFXTAL062558REEL" designatorprefix="Y" height="23.622047244094" footprint="LFXTAL062558Reel">
    <comppin designator="1" sympin="1" pinswap="0" gateswap="0" gate="1" group="1" side="" type="Any" name="CRYSTAL_1" />
    <comppin designator="2" sympin="2" pinswap="0" gateswap="0" gate="1" group="1" side="" type="Any" name="CRYSTAL_2" />
    <attached_symbol gate="1" name="LFXTAL062558REEL" />
    <pinmap designator="1" footprintpin="1" />
    <pinmap designator="2" footprintpin="2" />
    <text name="Datasheet" originx="0" originy="0" style="Default" rotation="0" justify="" flipped="False" hidden="True" data="https://www.iqdfrequencyproducts.com/products/pn/LFXTAL062558Reel.pdf" />
    <text name="Description" originx="0" originy="0" style="Default" rotation="0" justify="" flipped="False" hidden="True" data="Crystals 32.7680kHz 2.0 x 1.2 x 0.6mm" />
    <text name="Mouser Part Number" originx="0" originy="0" style="Default" rotation="0" justify="" flipped="False" hidden="True" data="449-LFXTAL062558REEL" />
    <text name="Mouser Price/Stock" originx="0" originy="0" style="Default" rotation="0" justify="" flipped="False" hidden="True" data="https://www.mouser.co.uk/ProductDetail/IQD/LFXTAL062558Reel?qs=nFovR%252B4R4UPP00SQMD0J1g%3D%3D" />
    <text name="Manufacturer_Name" originx="0" originy="0" style="Default" rotation="0" justify="" flipped="False" hidden="True" data="IQD" />
    <text name="Manufacturer_Part_Number" originx="350" originy="150" style="Default" rotation="0" justify="left" flipped="False" hidden="False" data="LFXTAL062558Reel" />
  </component>
</quadcept_library>
