<?xml version="1.0" encoding="utf-8"?>
<!--/17639898/1328299/2.50/3/3/MOSFET (N-Channel)/-->
<quadcept_library>
  <setting unit="mil" />
  <textstyle name="Default" height="47.244094488189" strokewidth="7.8740157480315" charwidth="47.244094488189" />
  <textstyle name="Dimension" height="19.6850393700787" strokewidth="0" charwidth="19.6850393700787" />
  <textstyle name="H127W0635TH00762" height="50" strokewidth="3" charwidth="25" />
  <textstyle name="H15W15TH02" height="59.0551181102362" strokewidth="7.8740157480315" charwidth="59.0551181102362" />
  <padstyle name="c202.5_h135" surface="False" plated="True" isvia="False" nopaste="True" nomask="True" complex="False" holesize="53.149606299212">
    <padshape layer="TOP" shape="round" width="79.724409448818" height="79.724409448818" />
    <padshape layer="TOP_SOLDER_MASK" shape="round" width="87.598425196849" height="87.598425196849" />
    <padshape layer="INNER" shape="round" width="79.724409448818" height="79.724409448818" />
    <padshape layer="BOTTOM" shape="round" width="79.724409448818" height="79.724409448818" />
    <padshape layer="BOTTOM_SOLDER_MASK" shape="round" width="87.598425196849" height="87.598425196849" />
  </padstyle>
  <padstyle name="s202.5_h135" surface="False" plated="True" isvia="False" nopaste="True" nomask="True" complex="False" holesize="53.149606299212">
    <padshape layer="TOP" shape="square" width="79.724409448818" height="79.724409448818" />
    <padshape layer="TOP_SOLDER_MASK" shape="square" width="87.598425196849" height="87.598425196849" />
    <padshape layer="INNER" shape="round" width="79.724409448818" height="79.724409448818" />
    <padshape layer="BOTTOM" shape="square" width="79.724409448818" height="79.724409448818" />
    <padshape layer="BOTTOM_SOLDER_MASK" shape="square" width="87.598425196849" height="87.598425196849" />
  </padstyle>
  <footprint name="TO254P475X1028X1996-3P" originx="0" originy="0" pickpointx="0" pickpointy="0">
    <pcbpin number="1" name="1" style="s202.5_h135" originx="0" originy="0" rotation="90" />
    <pcbpin number="2" name="2" style="c202.5_h135" originx="99.999999999999" originy="0" rotation="90" />
    <pcbpin number="3" name="3" style="c202.5_h135" originx="200" originy="0" rotation="90" />
    <line layer="TOP_PLACE_BOUND" originx="-119.88188976378" originy="124.8031496063" endx="319.88188976378" endy="124.8031496063" width="1.9685039370079" />
    <line layer="TOP_PLACE_BOUND" originx="319.88188976378" originy="124.8031496063" endx="319.88188976378" endy="-81.889763779527" width="1.9685039370079" />
    <line layer="TOP_PLACE_BOUND" originx="319.88188976378" originy="-81.889763779527" endx="-119.88188976378" endy="-81.889763779527" width="1.9685039370079" />
    <line layer="TOP_PLACE_BOUND" originx="-119.88188976378" originy="-81.889763779527" endx="-119.88188976378" endy="124.8031496063" width="1.9685039370079" />
    <line layer="TOP_ASSEMBLY" originx="-110.03937007874" originy="114.96062992126" endx="310.03937007874" endy="114.96062992126" width="3.9370078740157" />
    <line layer="TOP_ASSEMBLY" originx="310.03937007874" originy="114.96062992126" endx="310.03937007874" endy="-72.047244094487" width="3.9370078740157" />
    <line layer="TOP_ASSEMBLY" originx="310.03937007874" originy="-72.047244094487" endx="-110.03937007874" endy="-72.047244094487" width="3.9370078740157" />
    <line layer="TOP_ASSEMBLY" originx="-110.03937007874" originy="-72.047244094487" endx="-110.03937007874" endy="114.96062992126" width="3.9370078740157" />
    <line layer="TOP_ASSEMBLY" originx="-110.03937007874" originy="64.960629921259" endx="-60.039370078739" endy="114.96062992126" width="3.9370078740157" />
    <line layer="TOP_SILKSCREEN" originx="310.03937007874" originy="-72.047244094487" endx="310.03937007874" endy="114.96062992126" width="7.8740157480314" />
    <line layer="TOP_SILKSCREEN" originx="310.03937007874" originy="114.96062992126" endx="-110.03937007874" endy="114.96062992126" width="7.8740157480314" />
    <line layer="TOP_SILKSCREEN" originx="-110.03937007874" originy="114.96062992126" endx="-110.03937007874" endy="0" width="7.8740157480314" />
  </footprint>
  <symbol name="IPP015N04NF2SAKMA1" originx="0" originy="0">
    <line originx="300" originy="100" endx="300" endy="-100" width="0" />
    <line originx="300" originy="200" endx="300" endy="300" width="0" />
    <line originx="100" originy="0" endx="200" endy="0" width="0" />
    <line originx="200" originy="200" endx="200" endy="0" width="0" />
    <line originx="300" originy="100" endx="230" endy="100" width="0" />
    <line originx="300" originy="200" endx="230" endy="200" width="0" />
    <line originx="230" originy="0" endx="300" endy="0" width="0" />
    <line originx="230" originy="220" endx="230" endy="180" width="0" />
    <line originx="230" originy="-20" endx="230" endy="20" width="0" />
    <line originx="230" originy="80" endx="230" endy="120" width="0" />
    <arc originx="250" originy="100" startangle="180" sweepangle="180" radius="150" width="0" />
    <arc originx="250" originy="100" startangle="180" sweepangle="-180" radius="150" width="0" />
    <sympin number="1" originx="100" originy="0" rotation="180" length="100" width="7.8740157480315" flipped="False">
      <text name="pinname" originx="0" originy="-20" style="Default" rotation="0" justify="upperleft" flipped="False" hidden="True" data="G" />
      <text name="pindes" originx="80" originy="10" style="Default" rotation="0" justify="lowerright" flipped="False" hidden="False" data="1" />
    </sympin>
    <sympin number="2" originx="300" originy="300" rotation="90" length="100" width="7.8740157480315" flipped="False">
      <text name="pinname" originx="320" originy="400" style="Default" rotation="90" justify="upperleft" flipped="False" hidden="True" data="D" />
      <text name="pindes" originx="280" originy="400" style="Default" rotation="90" justify="upperright" flipped="False" hidden="False" data="2" />
    </sympin>
    <sympin number="3" originx="300" originy="-100" rotation="270" length="100" width="7.8740157480315" flipped="False">
      <text name="pinname" originx="320" originy="-200" style="Default" rotation="90" justify="lowerleft" flipped="False" hidden="True" data="S" />
      <text name="pindes" originx="280" originy="-200" style="Default" rotation="90" justify="lowerright" flipped="False" hidden="False" data="3" />
    </sympin>
    <polygon type="polygon">
      <point x="230" y="100" />
      <point x="270" y="120" />
      <point x="270" y="80" />
    </polygon>
  </symbol>
  <component name="IPP015N04NF2SAKMA1" designatorprefix="Q" height="187.00787401575" footprint="TO254P475X1028X1996-3P">
    <comppin designator="1" sympin="1" pinswap="0" gateswap="0" gate="1" group="1" side="" type="Any" name="G" />
    <comppin designator="2" sympin="2" pinswap="0" gateswap="0" gate="1" group="1" side="" type="Any" name="D" />
    <comppin designator="3" sympin="3" pinswap="0" gateswap="0" gate="1" group="1" side="" type="Any" name="S" />
    <attached_symbol gate="1" name="IPP015N04NF2SAKMA1" />
    <pinmap designator="1" footprintpin="1" />
    <pinmap designator="2" footprintpin="2" />
    <pinmap designator="3" footprintpin="3" />
    <text name="Datasheet" originx="0" originy="0" style="Default" rotation="0" justify="" flipped="False" hidden="True" data="https://www.mouser.it/datasheet/2/196/Infineon_IPP015N04NF2S_DataSheet_v02_00_EN-3164869.pdf" />
    <text name="Description" originx="0" originy="0" style="Default" rotation="0" justify="" flipped="False" hidden="True" data="MOSFET" />
    <text name="Mouser Part Number" originx="0" originy="0" style="Default" rotation="0" justify="" flipped="False" hidden="True" data="726-IPP015N04NF2SAKM" />
    <text name="Mouser Price/Stock" originx="0" originy="0" style="Default" rotation="0" justify="" flipped="False" hidden="True" data="https://www.mouser.co.uk/ProductDetail/Infineon-Technologies/IPP015N04NF2SAKMA1?qs=By6Nw2ByBD2rHCf0vCszHQ%3D%3D" />
    <text name="Manufacturer_Name" originx="0" originy="0" style="Default" rotation="0" justify="" flipped="False" hidden="True" data="Infineon" />
    <text name="Manufacturer_Part_Number" originx="450" originy="50" style="Default" rotation="0" justify="left" flipped="False" hidden="False" data="IPP015N04NF2SAKMA1" />
  </component>
</quadcept_library>
