<?xml version="1.0" encoding="utf-8"?>
<!--/247818/1328299/2.50/2/4/Inductor/-->
<quadcept_library>
  <setting unit="mil" />
  <textstyle name="Default" height="47.244094488189" strokewidth="7.8740157480315" charwidth="47.244094488189" />
  <textstyle name="Dimension" height="19.6850393700787" strokewidth="0" charwidth="19.6850393700787" />
  <textstyle name="H127W0635TH00762" height="50" strokewidth="3" charwidth="25" />
  <textstyle name="H15W15TH02" height="59.0551181102362" strokewidth="7.8740157480315" charwidth="59.0551181102362" />
  <padstyle name="r340_98" surface="True" plated="False" isvia="False" nopaste="False" nomask="True" complex="False" holesize="0">
    <padshape layer="TOP" shape="rectangle" width="38.582677165354" height="133.85826771653" />
    <padshape layer="TOP_SOLDER_MASK" shape="rectangle" width="46.456692913385" height="141.73228346457" />
    <padshape layer="TOP_SOLDER_PASTE" shape="rectangle" width="38.582677165354" height="133.85826771653" />
  </padstyle>
  <footprint name="XFL4020" originx="0" originy="0" pickpointx="0" pickpointy="0">
    <pcbpin number="1" name="1" style="r340_98" originx="-46.653543307086" originy="0" rotation="0" />
    <pcbpin number="2" name="2" style="r340_98" originx="46.653543307086" originy="0" rotation="0" />
    <line layer="TOP_SILKSCREEN" originx="-78.740157480314" originy="78.740157480314" endx="78.740157480314" endy="78.740157480314" width="3.9370078740157" />
    <line layer="TOP_SILKSCREEN" originx="78.740157480314" originy="78.740157480314" endx="78.740157480314" endy="-78.740157480314" width="3.9370078740157" />
    <line layer="TOP_SILKSCREEN" originx="78.740157480314" originy="-78.740157480314" endx="-78.740157480314" endy="-78.740157480314" width="3.9370078740157" />
    <line layer="TOP_SILKSCREEN" originx="-78.740157480314" originy="-78.740157480314" endx="-78.740157480314" endy="78.740157480314" width="3.9370078740157" />
    <line layer="TOP_ASSEMBLY" originx="-78.818897637794" originy="78.976377952755" endx="78.661417322834" endy="78.976377952755" width="3.9370078740157" />
    <line layer="TOP_ASSEMBLY" originx="78.661417322834" originy="78.976377952755" endx="78.661417322834" endy="-78.503937007873" width="3.9370078740157" />
    <line layer="TOP_ASSEMBLY" originx="78.661417322834" originy="-78.503937007873" endx="-78.818897637794" endy="-78.503937007873" width="3.9370078740157" />
    <line layer="TOP_ASSEMBLY" originx="-78.818897637794" originy="-78.503937007873" endx="-78.818897637794" endy="78.976377952755" width="3.9370078740157" />
    <arc layer="TOP_SILKSCREEN" originx="-99.999999999999" originy="-0.5511811023622" startangle="180" sweepangle="180" radius="4.9814960629921" width="3.9370078740157" />
    <arc layer="TOP_SILKSCREEN" originx="-99.999999999999" originy="-0.5511811023622" startangle="180" sweepangle="-180" radius="4.9814960629921" width="3.9370078740157" />
  </footprint>
  <symbol name="XFL4020-102MEC" originx="0" originy="0">
    <arc originx="250" originy="-2" startangle="177.7" sweepangle="-175.4" radius="50" width="0" />
    <arc originx="350" originy="-2" startangle="177.7" sweepangle="-175.4" radius="50" width="0" />
    <arc originx="450" originy="-2" startangle="177.7" sweepangle="-175.4" radius="50" width="0" />
    <arc originx="550" originy="-2" startangle="177.7" sweepangle="-175.4" radius="50" width="0" />
    <sympin number="1" originx="200" originy="0" rotation="180" length="100" width="7.8740157480315" flipped="False">
      <text name="pinname" originx="0" originy="-10" style="Default" rotation="0" justify="upperleft" flipped="False" hidden="True" data="1" />
      <text name="pindes" originx="0" originy="10" style="Default" rotation="0" justify="lowerleft" flipped="False" hidden="False" data="1" />
    </sympin>
    <sympin number="2" originx="600" originy="0" rotation="0" length="100" width="7.8740157480315" flipped="False">
      <text name="pinname" originx="800" originy="-10" style="Default" rotation="0" justify="upperright" flipped="False" hidden="True" data="2" />
      <text name="pindes" originx="800" originy="10" style="Default" rotation="0" justify="lowerright" flipped="False" hidden="False" data="2" />
    </sympin>
  </symbol>
  <component name="XFL4020-102MEC" designatorprefix="L" height="0" footprint="XFL4020">
    <comppin designator="1" sympin="1" pinswap="0" gateswap="0" gate="1" group="1" side="" type="Any" name="1" />
    <comppin designator="2" sympin="2" pinswap="0" gateswap="0" gate="1" group="1" side="" type="Any" name="2" />
    <attached_symbol gate="1" name="XFL4020-102MEC" />
    <pinmap designator="1" footprintpin="1" />
    <pinmap designator="2" footprintpin="2" />
    <text name="Datasheet" originx="0" originy="0" style="Default" rotation="0" justify="" flipped="False" hidden="True" data="https://www.coilcraft.com/pdfs/xfl4020.pdf" />
    <text name="Description" originx="0" originy="0" style="Default" rotation="0" justify="" flipped="False" hidden="True" data="COILCRAFT - XFL4020-102MEC - INDUCTOR, 1UH, 11A, 20%, PWR, 64MHZ" />
    <text name="Mouser Part Number" originx="0" originy="0" style="Default" rotation="0" justify="" flipped="False" hidden="True" data="994-XFL4020-102MEC" />
    <text name="Mouser Price/Stock" originx="0" originy="0" style="Default" rotation="0" justify="" flipped="False" hidden="True" data="https://www.mouser.co.uk/ProductDetail/Coilcraft/XFL4020-102MEC?qs=zCSbvcPd3pbaYHL7viZwQA%3D%3D" />
    <text name="Manufacturer_Name" originx="0" originy="0" style="Default" rotation="0" justify="" flipped="False" hidden="True" data="COILCRAFT" />
    <text name="Manufacturer_Part_Number" originx="650" originy="150" style="Default" rotation="0" justify="left" flipped="False" hidden="False" data="XFL4020-102MEC" />
  </component>
</quadcept_library>
