﻿pos_x,pos_y,rotation,side,designator,mpn,pack,value,mount_type,place
125.0,-57.0,-90.0,top,Cboot1,,C_Disc_D3.4mm_W2.1mm_P2.50mm,100n,tht,True
122.75,-42.0,0.0,top,Cff1,,C_Disc_D3.4mm_W2.1mm_P2.50mm,~,tht,True
105.6386,-60.3137,-90.0,top,Cin1,,CP_Radial_D5.0mm_P2.50mm,10u,tht,True
113.2586,-57.8758,-90.0,top,Cinx1,,C_Disc_D3.4mm_W2.1mm_P2.50mm,100n,tht,True
102.5,-46.5,-90.0,top,Cout1,,CP_Radial_D12.5mm_P5.00mm,~,tht,True
117.75,-63.5,0.0,top,Css1,,C_Disc_D3.4mm_W2.1mm_P2.50mm,33n,tht,True
94.475,-60.7,-90.0,top,Jin1,,SolderWire-0.1sqmm_1x02_P3.6mm_D0.4mm_OD1mm_Relief,Conn_01x02,tht,True
93.975,-34.7,-90.0,top,Jout1,,SolderWire-0.1sqmm_1x02_P3.6mm_D0.4mm_OD1mm_Relief,Conn_01x02,tht,True
113.4882,-37.5,0.0,top,L2,,IND_MULTICOMP_MCSCH895_MTC,MCSCH895-100LU,tht,True
123.58,-51.5,180.0,top,Rfbb1,,R_Axial_DIN0207_L6.3mm_D2.5mm_P10.16mm_Horizontal,10k,tht,True
113.42,-47.5,0.0,top,Rfbt1,,R_Axial_DIN0207_L6.3mm_D2.5mm_P10.16mm_Horizontal,~,tht,True
119.24,-58.297,0.0,top,U1,,SOT-583-8,TPS62932,smt,True
