﻿designator,quantity,value,pack,mpn,mount_type
"Cboot1, Cinx1",2,100n,C_Disc_D3.4mm_W2.1mm_P2.50mm,,tht
Cff1,1,~,C_Disc_D3.4mm_W2.1mm_P2.50mm,,tht
Cin1,1,10u,CP_Radial_D5.0mm_P2.50mm,,tht
Cout1,1,~,CP_Radial_D12.5mm_P5.00mm,,tht
Css1,1,33n,C_Disc_D3.4mm_W2.1mm_P2.50mm,,tht
"Jin1, Jout1",2,Conn_01x02,SolderWire-0.1sqmm_1x02_P3.6mm_D0.4mm_OD1mm_Relief,,tht
L2,1,MCSCH895-100LU,IND_MULTICOMP_MCSCH895_MTC,,tht
Rfbb1,1,10k,R_Axial_DIN0207_L6.3mm_D2.5mm_P10.16mm_Horizontal,,tht
Rfbt1,1,~,R_Axial_DIN0207_L6.3mm_D2.5mm_P10.16mm_Horizontal,,tht
U1,1,TPS62932,SOT-583-8,,smt
