<?xml version="1.0" encoding="utf-8"?>
<!--/2027701/1328299/2.50/7/4/Integrated Circuit/-->
<quadcept_library>
  <setting unit="mil" />
  <textstyle name="Default" height="47.244094488189" strokewidth="7.8740157480315" charwidth="47.244094488189" />
  <textstyle name="Dimension" height="19.6850393700787" strokewidth="0" charwidth="19.6850393700787" />
  <textstyle name="H127W0635TH00762" height="50" strokewidth="3" charwidth="25" />
  <textstyle name="H15W15TH02" height="59.0551181102362" strokewidth="7.8740157480315" charwidth="59.0551181102362" />
  <padstyle name="r45_25" surface="True" plated="False" isvia="False" nopaste="False" nomask="True" complex="False" holesize="0">
    <padshape layer="TOP" shape="rectangle" width="9.8425196850392" height="17.716535433071" />
    <padshape layer="TOP_SOLDER_MASK" shape="rectangle" width="17.716535433071" height="25.590551181102" />
    <padshape layer="TOP_SOLDER_PASTE" shape="rectangle" width="9.8425196850392" height="17.716535433071" />
  </padstyle>
  <padstyle name="r115_35" surface="True" plated="False" isvia="False" nopaste="False" nomask="True" complex="False" holesize="0">
    <padshape layer="TOP" shape="rectangle" width="13.779527559055" height="45.275590551181" />
    <padshape layer="TOP_SOLDER_MASK" shape="rectangle" width="21.653543307086" height="53.149606299212" />
    <padshape layer="TOP_SOLDER_PASTE" shape="rectangle" width="13.779527559055" height="45.275590551181" />
  </padstyle>
  <padstyle name="r145_20" surface="True" plated="False" isvia="False" nopaste="False" nomask="True" complex="False" holesize="0">
    <padshape layer="TOP" shape="rectangle" width="7.8740157480314" height="57.086614173228" />
    <padshape layer="TOP_SOLDER_MASK" shape="rectangle" width="15.748031496063" height="64.960629921259" />
    <padshape layer="TOP_SOLDER_PASTE" shape="rectangle" width="7.8740157480314" height="57.086614173228" />
  </padstyle>
  <footprint name="TPS61022RWUT" originx="0" originy="0" pickpointx="0" pickpointy="0">
    <pcbpin number="1" name="1" style="r115_35" originx="-24.606299212598" originy="21.653543307086" rotation="90" />
    <pcbpin number="2" name="2" style="r145_20" originx="-18.700787401575" originy="0" rotation="90" />
    <pcbpin number="3" name="3" style="r115_35" originx="-24.606299212598" originy="-21.653543307086" rotation="90" />
    <pcbpin number="4" name="4" style="r45_25" originx="38.385826771653" originy="-29.527559055118" rotation="90" />
    <pcbpin number="5" name="5" style="r45_25" originx="38.385826771653" originy="-9.8425196850392" rotation="90" />
    <pcbpin number="6" name="6" style="r45_25" originx="38.385826771653" originy="9.8425196850392" rotation="90" />
    <pcbpin number="7" name="7" style="r45_25" originx="38.385826771653" originy="29.527559055118" rotation="90" />
    <line layer="TOP_ASSEMBLY" originx="-39.370078740157" originy="-39.370078740157" endx="39.370078740157" endy="-39.370078740157" width="7.8740157480314" />
    <line layer="TOP_ASSEMBLY" originx="39.370078740157" originy="-39.370078740157" endx="39.370078740157" endy="39.370078740157" width="7.8740157480314" />
    <line layer="TOP_ASSEMBLY" originx="39.370078740157" originy="39.370078740157" endx="-39.370078740157" endy="39.370078740157" width="7.8740157480314" />
    <line layer="TOP_ASSEMBLY" originx="-39.370078740157" originy="39.370078740157" endx="-39.370078740157" endy="-39.370078740157" width="7.8740157480314" />
    <line layer="TOP_SILKSCREEN" originx="-39.370078740157" originy="39.370078740157" endx="38.385826771653" endy="39.370078740157" width="3.9370078740157" />
    <line layer="TOP_SILKSCREEN" originx="38.385826771653" originy="39.370078740157" endx="38.385826771653" endy="39.370078740157" width="3.9370078740157" />
    <line layer="TOP_SILKSCREEN" originx="38.385826771653" originy="39.370078740157" endx="-39.370078740157" endy="39.370078740157" width="3.9370078740157" />
    <line layer="TOP_SILKSCREEN" originx="-39.370078740157" originy="39.370078740157" endx="-39.370078740157" endy="39.370078740157" width="3.9370078740157" />
    <line layer="TOP_SILKSCREEN" originx="-39.370078740157" originy="11.811023622047" endx="-39.370078740157" endy="11.811023622047" width="3.9370078740157" />
    <line layer="TOP_SILKSCREEN" originx="-39.370078740157" originy="11.811023622047" endx="-39.370078740157" endy="7.8740157480314" width="3.9370078740157" />
    <line layer="TOP_SILKSCREEN" originx="-39.370078740157" originy="7.8740157480314" endx="-39.370078740157" endy="7.8740157480314" width="3.9370078740157" />
    <line layer="TOP_SILKSCREEN" originx="-39.370078740157" originy="7.8740157480314" endx="-39.370078740157" endy="11.811023622047" width="3.9370078740157" />
    <line layer="TOP_SILKSCREEN" originx="39.370078740157" originy="21.653543307086" endx="39.370078740157" endy="21.653543307086" width="3.9370078740157" />
    <line layer="TOP_SILKSCREEN" originx="39.370078740157" originy="21.653543307086" endx="39.370078740157" endy="19.685039370078" width="3.9370078740157" />
    <line layer="TOP_SILKSCREEN" originx="39.370078740157" originy="19.685039370078" endx="39.370078740157" endy="19.685039370078" width="3.9370078740157" />
    <line layer="TOP_SILKSCREEN" originx="39.370078740157" originy="19.685039370078" endx="39.370078740157" endy="21.653543307086" width="3.9370078740157" />
    <line layer="TOP_SILKSCREEN" originx="-39.370078740157" originy="-7.8740157480314" endx="-39.370078740157" endy="-7.8740157480314" width="3.9370078740157" />
    <line layer="TOP_SILKSCREEN" originx="-39.370078740157" originy="-7.8740157480314" endx="-39.370078740157" endy="-9.8425196850392" width="3.9370078740157" />
    <line layer="TOP_SILKSCREEN" originx="-39.370078740157" originy="-9.8425196850392" endx="-39.370078740157" endy="-9.8425196850392" width="3.9370078740157" />
    <line layer="TOP_SILKSCREEN" originx="-39.370078740157" originy="-9.8425196850392" endx="-39.370078740157" endy="-7.8740157480314" width="3.9370078740157" />
    <line layer="TOP_SILKSCREEN" originx="-39.370078740157" originy="-31.496062992126" endx="-39.370078740157" endy="-31.496062992126" width="3.9370078740157" />
    <line layer="TOP_SILKSCREEN" originx="-39.370078740157" originy="-31.496062992126" endx="-39.370078740157" endy="-39.370078740157" width="3.9370078740157" />
    <line layer="TOP_SILKSCREEN" originx="-39.370078740157" originy="-39.370078740157" endx="-39.370078740157" endy="-39.370078740157" width="3.9370078740157" />
    <line layer="TOP_SILKSCREEN" originx="-39.370078740157" originy="-39.370078740157" endx="-39.370078740157" endy="-31.496062992126" width="3.9370078740157" />
    <line layer="TOP_SILKSCREEN" originx="-39.370078740157" originy="-39.370078740157" endx="39.370078740157" endy="-39.370078740157" width="3.9370078740157" />
    <line layer="TOP_SILKSCREEN" originx="39.370078740157" originy="-39.370078740157" endx="39.370078740157" endy="-39.370078740157" width="3.9370078740157" />
    <line layer="TOP_SILKSCREEN" originx="39.370078740157" originy="-39.370078740157" endx="-39.370078740157" endy="-39.370078740157" width="3.9370078740157" />
    <line layer="TOP_SILKSCREEN" originx="-39.370078740157" originy="-39.370078740157" endx="-39.370078740157" endy="-39.370078740157" width="3.9370078740157" />
    <line layer="TOP_SILKSCREEN" originx="39.370078740157" originy="-21.653543307086" endx="39.370078740157" endy="-21.653543307086" width="3.9370078740157" />
    <line layer="TOP_SILKSCREEN" originx="39.370078740157" originy="-21.653543307086" endx="39.370078740157" endy="-19.685039370078" width="3.9370078740157" />
    <line layer="TOP_SILKSCREEN" originx="39.370078740157" originy="-19.685039370078" endx="39.370078740157" endy="-19.685039370078" width="3.9370078740157" />
    <line layer="TOP_SILKSCREEN" originx="39.370078740157" originy="-19.685039370078" endx="39.370078740157" endy="-21.653543307086" width="3.9370078740157" />
    <line layer="TOP_SILKSCREEN" originx="-39.370078740157" originy="39.370078740157" endx="-39.370078740157" endy="39.370078740157" width="3.9370078740157" />
    <line layer="TOP_SILKSCREEN" originx="-39.370078740157" originy="39.370078740157" endx="-39.370078740157" endy="35.433070866141" width="3.9370078740157" />
    <line layer="TOP_SILKSCREEN" originx="-39.370078740157" originy="35.433070866141" endx="-39.370078740157" endy="35.433070866141" width="3.9370078740157" />
    <line layer="TOP_SILKSCREEN" originx="-39.370078740157" originy="35.433070866141" endx="-39.370078740157" endy="39.370078740157" width="3.9370078740157" />
    <line layer="TOP_PLACE_BOUND" originx="-86.614173228345" originy="78.740157480314" endx="86.614173228345" endy="78.740157480314" width="3.9370078740157" />
    <line layer="TOP_PLACE_BOUND" originx="86.614173228345" originy="78.740157480314" endx="86.614173228345" endy="-78.740157480314" width="3.9370078740157" />
    <line layer="TOP_PLACE_BOUND" originx="86.614173228345" originy="-78.740157480314" endx="-86.614173228345" endy="-78.740157480314" width="3.9370078740157" />
    <line layer="TOP_PLACE_BOUND" originx="-86.614173228345" originy="-78.740157480314" endx="-86.614173228345" endy="78.740157480314" width="3.9370078740157" />
    <line layer="TOP_SILKSCREEN" originx="-66.929133858267" originy="23.622047244094" endx="-66.929133858267" endy="23.622047244094" width="7.8740157480314" />
    <arc layer="TOP_SILKSCREEN" originx="-64.960629921259" originy="23.622047244094" startangle="180.0" sweepangle="180.0" radius="1.9685039370078" width="7.8740157480314" />
    <line layer="TOP_SILKSCREEN" originx="-62.992125984251" originy="23.622047244094" endx="-62.992125984251" endy="23.622047244094" width="7.8740157480314" />
    <arc layer="TOP_SILKSCREEN" originx="-64.960629921259" originy="23.622047244094" startangle=".0" sweepangle="180.0" radius="1.9685039370078" width="7.8740157480314" />
    <line layer="TOP_SILKSCREEN" originx="-66.929133858267" originy="23.622047244094" endx="-66.929133858267" endy="23.622047244094" width="7.8740157480314" />
    <arc layer="TOP_SILKSCREEN" originx="-64.960629921259" originy="23.622047244094" startangle="180.0" sweepangle="180.0" radius="1.9685039370078" width="7.8740157480314" />
  </footprint>
  <symbol name="TPS61022RWUT" originx="0" originy="0">
    <line originx="200" originy="100" endx="900" endy="100" width="0" />
    <line originx="900" originy="-400" endx="900" endy="100" width="0" />
    <line originx="900" originy="-400" endx="200" endy="-400" width="0" />
    <line originx="200" originy="100" endx="200" endy="-400" width="0" />
    <sympin number="1" originx="200" originy="0" rotation="180" length="100" width="7.8740157480315" flipped="False">
      <text name="pinname" originx="230" originy="0" style="Default" rotation="0" justify="left" flipped="False" hidden="False" data="GND" />
      <text name="pindes" originx="140" originy="20" style="Default" rotation="0" justify="lowerright" flipped="False" hidden="False" data="1" />
    </sympin>
    <sympin number="2" originx="200" originy="-100" rotation="180" length="100" width="7.8740157480315" flipped="False">
      <text name="pinname" originx="230" originy="-100" style="Default" rotation="0" justify="left" flipped="False" hidden="False" data="SW" />
      <text name="pindes" originx="140" originy="-80" style="Default" rotation="0" justify="lowerright" flipped="False" hidden="False" data="2" />
    </sympin>
    <sympin number="3" originx="200" originy="-200" rotation="180" length="100" width="7.8740157480315" flipped="False">
      <text name="pinname" originx="230" originy="-200" style="Default" rotation="0" justify="left" flipped="False" hidden="False" data="VOUT" />
      <text name="pindes" originx="140" originy="-180" style="Default" rotation="0" justify="lowerright" flipped="False" hidden="False" data="3" />
    </sympin>
    <sympin number="4" originx="200" originy="-300" rotation="180" length="100" width="7.8740157480315" flipped="False">
      <text name="pinname" originx="230" originy="-300" style="Default" rotation="0" justify="left" flipped="False" hidden="False" data="FB" />
      <text name="pindes" originx="140" originy="-280" style="Default" rotation="0" justify="lowerright" flipped="False" hidden="False" data="4" />
    </sympin>
    <sympin number="5" originx="900" originy="0" rotation="0" length="100" width="7.8740157480315" flipped="False">
      <text name="pinname" originx="870" originy="0" style="Default" rotation="0" justify="right" flipped="False" hidden="False" data="EN" />
      <text name="pindes" originx="960" originy="20" style="Default" rotation="0" justify="lowerleft" flipped="False" hidden="False" data="5" />
    </sympin>
    <sympin number="6" originx="900" originy="-100" rotation="0" length="100" width="7.8740157480315" flipped="False">
      <text name="pinname" originx="870" originy="-100" style="Default" rotation="0" justify="right" flipped="False" hidden="False" data="MODE" />
      <text name="pindes" originx="960" originy="-80" style="Default" rotation="0" justify="lowerleft" flipped="False" hidden="False" data="6" />
    </sympin>
    <sympin number="7" originx="900" originy="-200" rotation="0" length="100" width="7.8740157480315" flipped="False">
      <text name="pinname" originx="870" originy="-200" style="Default" rotation="0" justify="right" flipped="False" hidden="False" data="VIN" />
      <text name="pindes" originx="960" originy="-180" style="Default" rotation="0" justify="lowerleft" flipped="False" hidden="False" data="7" />
    </sympin>
  </symbol>
  <component name="TPS61022RWUT" designatorprefix="IC" height="39.370078740157" footprint="TPS61022RWUT">
    <comppin designator="1" sympin="1" pinswap="0" gateswap="0" gate="1" group="1" side="" type="Any" name="GND" />
    <comppin designator="2" sympin="2" pinswap="0" gateswap="0" gate="1" group="1" side="" type="Any" name="SW" />
    <comppin designator="3" sympin="3" pinswap="0" gateswap="0" gate="1" group="1" side="" type="Any" name="VOUT" />
    <comppin designator="4" sympin="4" pinswap="0" gateswap="0" gate="1" group="1" side="" type="Any" name="FB" />
    <comppin designator="5" sympin="5" pinswap="0" gateswap="0" gate="1" group="1" side="" type="Any" name="EN" />
    <comppin designator="6" sympin="6" pinswap="0" gateswap="0" gate="1" group="1" side="" type="Any" name="MODE" />
    <comppin designator="7" sympin="7" pinswap="0" gateswap="0" gate="1" group="1" side="" type="Any" name="VIN" />
    <attached_symbol gate="1" name="TPS61022RWUT" />
    <pinmap designator="1" footprintpin="1" />
    <pinmap designator="2" footprintpin="2" />
    <pinmap designator="3" footprintpin="3" />
    <pinmap designator="4" footprintpin="4" />
    <pinmap designator="5" footprintpin="5" />
    <pinmap designator="6" footprintpin="6" />
    <pinmap designator="7" footprintpin="7" />
    <text name="Datasheet" originx="0" originy="0" style="Default" rotation="0" justify="" flipped="False" hidden="True" data="http://www.ti.com/lit/ds/symlink/tps61022.pdf" />
    <text name="Description" originx="0" originy="0" style="Default" rotation="0" justify="" flipped="False" hidden="True" data="Switching Voltage Regulators 8-A boost converter with 0.5-V ultra-low input voltage 7-VQFN-HR -40 to 125" />
    <text name="Mouser Part Number" originx="0" originy="0" style="Default" rotation="0" justify="" flipped="False" hidden="True" data="595-TPS61022RWUT" />
    <text name="Mouser Price/Stock" originx="0" originy="0" style="Default" rotation="0" justify="" flipped="False" hidden="True" data="https://www.mouser.co.uk/ProductDetail/Texas-Instruments/TPS61022RWUT?qs=vLWxofP3U2xU7G%2FuAQNIxA%3D%3D" />
    <text name="Manufacturer_Name" originx="0" originy="0" style="Default" rotation="0" justify="" flipped="False" hidden="True" data="Texas Instruments" />
    <text name="Manufacturer_Part_Number" originx="950" originy="200" style="Default" rotation="0" justify="left" flipped="False" hidden="False" data="TPS61022RWUT" />
  </component>
</quadcept_library>
